<?xml version="1.0" encoding="UTF-8"?>
<!DOCTYPE mapper
 PUBLIC "-//mybatis.org//DTD Mapper 3.0//EN"
 "https://mybatis.org/dtd/mybatis-3-mapper.dtd">
<mapper namespace="Board">
	<insert id="insertBoard" parameterType="boarddto">
		INSERT INTO TBL_BOARD VALUES
		( board_seq.nextval, #{boardtitle},#{boardcontent},#{username}
			,sysdate, 0)
	</insert>
	<select id="getBoardList" resultType="boarddto">
		SELECT * FROM (
			SELECT rownum r, A.* FROM (
				SELECT * FROM TBL_board ORDER BY BOARDNUM DESC ) A ) B
		WHERE 	B.r BETWEEN #{startRow} AND #{endRow}
	</select>
	<select id="getBoardCnt" resultType="_int">
		SELECT count(*) FROM TBL_board
	</select>
	<select id="getDetail" parameterType="_int" resultType="boarddto">
		SELECT * FROM TBL_BOARD WHERE BOARDNUM = #{boardnum}
	</select>
	<update id="updateReadCount" parameterType="_int">
		UPDATE TBL_BOARD SET BOARDREADCOUNT = BOARDREADCOUNT + 1
		WHERE BOARDNUM = #{boardnum}
	</update>
	<insert id="addReply" parameterType="replydto">
		INSERT INTO TBL_REPLY VALUES
		(reply_seq.nextval, #{replycontent},#{username},#{password}, #{boardnum} )
	</insert>
	<select id="getReplys" parameterType="_int" resultType="replydto">
		SELECT * FROM TBL_REPLY WHERE BOARDNUM = #{boardnum}
	</select>
	<update id="updateReply" parameterType="hashmap">
		UPDATE TBL_REPLY SET REPLYCONTENT = #{replycontent}
		WHERE REPLYNUM = #{replynum}
	</update>
	<delete id="deleteReply" parameterType="_int">
		delete from tbl_reply where replynum = #{replynum}
	</delete>
</mapper>












